
-- languages
INSERT INTO `languages` (`language_id`, `language_name`, `language_code`, `is_default`, `is_active`, `created_at`, `created_by_id`, `updated_at`, `updated_by_id`) 
VALUES 
	('1', 'English', 'en-gb', '1', '1', '2021-08-03 22:08:00', '1', '2021-08-03 22:08:00', '1'),
	('2', 'हिंदी', 'hi', '0', '1', '2021-08-03 22:08:00', '1', '2021-08-03 22:08:00', '1');

-- resource groups
INSERT INTO `resource_groups` (`group_id`, `group_name`, `group_description`, `is_active`, `created_at`, `created_by_id`, `updated_at`, `updated_by_id`) 
VALUES
(1, 'Login', 'All login related fields and data', 1, '2021-08-03 13:09:11', 0, '2021-08-03 13:09:11', 0),
(2, 'Common', 'All commonly used messages and field errors', 1, '2021-08-03 13:41:01', 0, '2021-08-03 13:41:01', 0),
(3, 'Forgot Password', 'All fields of forgot password screen', 1, '2021-08-03 17:05:39', 0, '2021-08-03 17:05:39', 0),
(4, 'Support', 'All fields of Contact Us page', 1, '2021-08-03 17:06:10', 0, '2021-08-03 17:06:10', 0),
(6, 'Create Profile', '', 1, '2021-08-04 19:42:12', 0, '2021-08-04 19:42:12', 0),
(7, 'Reset Password', NULL, 1, '2021-08-04 16:33:54', 0, '2021-08-04 16:33:54', 0),
(10, 'Manage Users', NULL, 1, '2021-08-04 19:42:12', 0, '2021-08-04 19:42:12', 0),
(16, 'Feature Menu', NULL, 1, '2021-08-05 19:57:46', 0, '2022-03-11 07:36:46', 0),
(22, 'Language Resources', NULL, 1, '2021-09-17 19:06:31', 0, '2021-09-19 15:31:14', 0),
(23, 'Menu Groups', NULL, 1, '2021-12-10 08:03:15', 0, '2021-12-10 08:03:15', 0),
(24, 'Menus', NULL, 1, '2021-12-10 08:03:15', 0, '2021-12-10 08:03:15', 0),
(25, 'Footer Menu Header Groups', NULL, 1, '2021-12-10 08:03:15', 0, '2021-12-10 08:22:45', 0),
(26, 'Website menu', NULL, 1, '2021-12-10 09:24:40', 0, '2021-12-10 09:24:40', 0),
(28, 'Footer Static Pages', NULL, 1, '2022-01-04 10:26:37', 0, '2022-01-04 10:26:48', 0),
(29, 'Content types', 'All Content type list', 1, '2022-02-11 05:44:46', 0, '2022-02-11 06:15:11', 0),
(30, 'userRecords', 'All user records related fields and data', 1, '2021-08-03 13:09:11', 0, '2021-08-03 13:09:11', 0),
(31, 'Error code', 'All error message group', 1, '2022-03-21 07:09:34', 0, '2022-03-21 07:13:51', 0);

-- resource keys
INSERT INTO `resource_keys` (`resource_key_id`, `resource_key`, `field_type`, `group_id`, `is_required`, `min_length`, `max_length`, `is_active`, `created_at`, `created_by_id`, `updated_at`, `updated_by_id`) VALUES
(1, 'HEADER', NULL, 1, 0, 0, 0, 1, '2021-08-03 13:24:01', 0, '2021-08-03 13:24:01', 0),
(2, 'EMAIL_ID', NULL, 1, 1, 1, 100, 1, '2021-08-03 13:24:02', 0, '2021-08-03 13:24:02', 0),
(3, 'PASSWORD', NULL, 1, 1, 8, 100, 1, '2021-08-03 13:24:02', 0, '2021-08-03 13:24:02', 0),
(4, 'BUTTON', NULL, 1, 0, 0, 0, 1, '2021-08-03 13:24:02', 0, '2021-08-03 13:24:02', 0),
(5, 'FORGOT_PASSWORD', NULL, 1, 0, 0, 0, 1, '2021-08-03 13:24:02', 0, '2021-08-03 13:24:02', 0),
(6, 'SUPPORT', NULL, 1, 0, 0, 0, 1, '2021-08-03 13:24:02', 0, '2021-08-03 13:24:02', 0),
(444, 'ACTIVATE_ACCOUNT_MSG', NULL, 1, 0, 0, 0, 1, '2021-08-16 17:53:29', 0, '2021-08-16 17:53:29', 0),
(445, 'LOGIN_SUCCESS', NULL, 1, 0, 0, 0, 1, '2021-08-16 17:54:15', 0, '2021-08-16 17:54:15', 0),





(15, 'LOGIN', NULL, 2, 0, 0, 0, 1, '2021-08-03 19:45:45', 0, '2021-12-16 06:53:50', 0),
(7, 'FIELD_REQUIRED', NULL, 2, 0, 0, 0, 1, '2021-08-03 13:44:11', 0, '2021-08-03 13:44:11', 0),
(8, 'FIELD_INVALID', NULL, 2, 0, 0, 0, 1, '2021-08-03 13:44:11', 0, '2021-08-03 13:44:11', 0),
(9, 'PASSWORD_INVALID', NULL, 2, 0, 0, 0, 1, '2021-08-03 13:44:11', 0, '2021-08-03 13:44:11', 0),
(11, 'LOGOUT_SUCCESS', NULL, 2, 0, 0, 0, 1, '2021-08-03 13:44:11', 0, '2021-08-03 13:44:11', 0),
(14, 'SUBMIT', NULL, 2, 0, 0, 0, 1, '2021-08-03 20:02:39', 0, '2021-08-03 20:02:39', 0),
(21, 'CANCEL', NULL, 2, 0, 0, 0, 1, '2021-08-03 20:02:39', 0, '2021-08-03 20:02:39', 0),
(33, 'OTP_INVALID', NULL, 2, 0, 0, 0, 1, '2021-08-04 13:45:07', 0, '2021-11-25 09:32:15', 0),
(48, 'FIELD_LENGTH', NULL, 2, 0, 0, 0, 1, '2021-08-16 16:36:37', 0, '2021-08-16 16:36:37', 0),
(77, 'NO_RECORDS', NULL, 2, 0, 0, 0, 1, '2021-08-04 17:26:31', 0, '2022-03-21 13:12:15', 0),
(79, 'DEACTIVATE', NULL, 2, 0, 0, 0, 1, '2021-08-04 19:49:30', 0, '2021-08-04 19:49:30', 0),
(80, 'ADD_NEW', NULL, 2, 0, 0, 0, 1, '2021-08-04 19:49:30', 0, '2021-08-04 19:49:30', 0),
(81, 'SEARCH', NULL, 2, 0, 0, 0, 1, '2021-08-04 19:49:30', 0, '2021-08-04 19:49:30', 0),
(82, 'PAGE_COUNT', NULL, 2, 0, 0, 0, 1, '2021-08-16 16:55:00', 0, '2021-08-16 16:55:00', 0),
(97, 'CATEGORIES', NULL, 2, 0, 0, 0, 1, '2021-08-04 18:32:40', 0, '2022-02-16 09:57:10', 0),
(101, 'SAVE', NULL, 2, 0, 0, 0, 1, '2021-08-04 20:38:07', 0, '2021-08-04 20:38:07', 0),
(104, 'RECORDS_FOUND', NULL, 2, 0, 0, 0, 1, '2021-08-16 17:24:17', 0, '2021-08-16 17:24:17', 0),
(113, 'RESEND', NULL, 2, 0, 0, 0, 1, '2021-08-04 19:49:30', 0, '2022-02-15 09:24:52', 0),
(119, 'ACTIVATED', NULL, 2, 0, 0, 0, 1, '2021-08-04 19:49:30', 0, '2022-02-15 09:24:40', 0),
(125, 'ERROR_CONFLICT', NULL, 2, 0, 0, 0, 1, '2021-08-04 21:36:46', 0, '2021-08-04 21:36:46', 0),
(126, 'REMOVE', NULL, 2, 0, 0, 0, 1, '2021-08-04 21:36:46', 0, '2021-08-04 21:36:46', 0),
(127, 'NAME', NULL, 2, 0, 2, 100, 1, '2021-08-04 21:36:46', 0, '2021-08-17 13:20:37', 0),
(143, 'FILENAME', NULL, 2, 0, 0, 0, 1, '2021-08-05 16:19:10', 0, '2021-08-05 16:19:10', 0),
(144, 'PREVIEW', NULL, 2, 0, 0, 0, 1, '2021-08-05 16:19:10', 0, '2021-08-05 16:19:10', 0),
(167, 'UPLOAD', NULL, 2, 0, 0, 0, 1, '2021-08-05 16:19:10', 0, '2021-08-05 16:19:10', 0),
(168, 'FIELD_IMAGE', NULL, 2, 0, 0, 0, 1, '2021-08-05 16:19:10', 0, '2021-08-05 16:19:10', 0),
(187, 'EDIT', NULL, 2, 0, 0, 0, 1, '2021-08-06 17:22:32', 0, '2021-08-06 17:22:32', 0),
(191, 'PLAY_VIDEO', NULL, 2, 0, 0, 0, 1, '2021-08-05 17:43:50', 0, '2021-08-05 17:43:50', 0),
(208, 'RESTORE', NULL, 2, 0, 0, 0, 1, '2021-08-05 18:14:31', 0, '2022-02-15 12:36:47', 0),
(214, 'DECKS', NULL, 2, 0, 0, 0, 1, '2021-08-16 13:39:24', 0, '2021-08-16 13:39:24', 0),
(215, 'VIDEOS', NULL, 2, 0, 0, 0, 1, '2021-08-16 13:39:24', 0, '2021-08-16 13:39:24', 0),
(216, 'SLIDES', NULL, 2, 0, 0, 0, 1, '2021-08-11 13:33:48', 0, '2021-08-11 13:33:48', 0),
(233, 'NO', NULL, 2, 0, 0, 0, 1, '2021-08-11 16:41:05', 0, '2021-09-19 15:28:30', 0),
(234, 'YES', NULL, 2, 0, 0, 0, 1, '2021-08-11 16:41:05', 0, '2021-09-19 15:28:30', 0),
(262, 'DELETE', NULL, 2, 0, 0, 0, 1, '2021-08-11 18:55:29', 0, '2021-08-11 18:55:29', 0),
(268, 'DELETE_ACCOUNT', NULL, 2, 0, 0, 0, 1, '2021-08-12 14:15:23', 0, '2021-08-12 14:15:23', 0),
(270, 'DELETE_ACCOUNT_MAIN_MESSAGE', NULL, 2, 0, 0, 0, 1, '2021-08-12 14:15:23', 0, '2021-08-12 14:15:23', 0),
(294, 'LOCKOUT_MESSAGE', NULL, 2, 0, 0, 0, 1, '2021-08-12 12:18:05', 0, '2021-08-12 12:18:05', 0),
(295, 'FIELD_LIMIT', NULL, 2, 0, 0, 0, 1, '2021-08-12 12:18:05', 0, '2021-08-12 12:18:05', 0),
(297, 'ACCOUNT_NO_EXISTS', NULL, 2, 0, 0, 0, 1, '2021-08-12 12:18:05', 0, '2021-08-12 12:18:05', 0),
(298, 'ACCOUNT_INACTIVATED', NULL, 2, 0, 0, 0, 1, '2021-08-12 12:18:05', 0, '2021-08-12 12:18:05', 0),
(299, 'INACTIVE_USER', NULL, 2, 0, 0, 0, 1, '2021-08-12 12:18:05', 0, '2021-08-12 12:18:05', 0),
(303, 'TECHNICAL_ERROR', NULL, 2, 0, 0, 0, 1, '2021-08-12 12:18:05', 0, '2021-08-12 12:18:05', 0),
(304, 'PLEASE_WAIT', NULL, 2, 0, 0, 0, 1, '2021-08-12 12:18:05', 0, '2021-08-12 12:18:05', 0),
(309, 'SPACE_LIMIT', NULL, 2, 0, 0, 0, 1, '2021-08-12 13:42:41', 0, '2021-08-12 13:42:41', 0),
(320, 'DELETE_ACCOUNT_SUBMESSAGE_ONE', NULL, 2, 0, 0, 0, 1, '2021-08-12 14:15:23', 0, '2021-08-12 14:15:23', 0),
(321, 'DELETE_ACCOUNT_SUBMESSAGE_TWO', NULL, 2, 0, 0, 0, 1, '2021-08-12 15:43:58', 0, '2021-08-12 15:43:58', 0),
(322, 'CHANGE_PASSWORD', NULL, 2, 0, 0, 0, 1, '2021-08-12 14:24:25', 0, '2021-08-12 14:24:25', 0),
(325, 'LOGOUT', NULL, 2, 0, 0, 0, 1, '2021-08-12 14:24:25', 0, '2021-08-12 14:24:25', 0),
(326, 'CURRENT_PASSWORD', NULL, 2, 0, 8, 100, 1, '2021-08-12 15:44:44', 0, '2021-08-17 12:00:52', 0),
(329, 'INVALID_TOKEN', NULL, 2, 0, 0, 0, 1, '2021-08-12 16:14:49', 0, '2021-08-12 16:14:49', 0),
(333, 'ALL', NULL, 2, 0, 0, 0, 1, '2021-08-12 18:46:26', 0, '2021-08-12 18:46:26', 0),
(343, 'UPLOADABLE_EXCEL_FILE', NULL, 2, 0, 0, 0, 1, '2021-08-12 18:59:42', 0, '2022-03-07 07:51:26', 0),
(349, 'ADD_ERROR', NULL, 2, 0, 0, 0, 1, '2021-08-12 19:02:15', 0, '2021-08-12 19:02:15', 0),
(351, 'NA', NULL, 2, 0, 0, 0, 1, '2021-08-12 19:30:05', 0, '2021-08-12 19:30:05', 0),
(352, 'JUMP_TO_PAGE', NULL, 2, 0, 0, 0, 1, '2021-08-12 19:30:05', 0, '2021-08-12 19:30:05', 0),
(353, 'PREV', NULL, 2, 0, 0, 0, 1, '2021-08-12 19:30:05', 0, '2021-08-12 19:30:05', 0),
(354, 'NEXT', NULL, 2, 0, 0, 0, 1, '2021-08-12 19:30:05', 0, '2021-08-12 19:30:05', 0),
(356, 'FILE_SIZE_LIMIT', NULL, 2, 0, 0, 0, 1, '2021-08-16 17:14:32', 0, '2021-08-16 17:14:32', 0),
(359, 'NET_CONNECTION_LOST', NULL, 2, 0, 0, 0, 1, '2021-08-12 19:52:24', 0, '2021-08-12 19:52:24', 0),
(360, 'SAME_NHS_NUMBER', NULL, 2, 0, 0, 0, 1, '2021-08-12 19:52:24', 0, '2021-08-12 19:52:24', 0),
(373, 'NO_SELECT', NULL, 2, 0, 0, 0, 1, '2021-08-13 16:54:57', 0, '2021-08-13 16:54:57', 0),
(375, 'ALL_FIELDS', NULL, 2, 0, 0, 0, 1, '2021-08-16 12:50:39', 0, '2021-08-16 12:50:39', 0),
(376, 'ATTACHMENTS', NULL, 2, 0, 0, 0, 1, '2021-08-16 13:39:24', 0, '2021-08-16 13:39:24', 0),
(377, 'SHOW_PAGE_TEXT_TWO', NULL, 2, 0, 0, 0, 1, '2021-08-16 14:37:35', 0, '2021-08-16 14:37:35', 0),
(378, 'SHOW_PAGE_TEXT_THREE', NULL, 2, 0, 0, 0, 1, '2021-08-16 14:37:35', 0, '2021-08-16 14:37:35', 0),
(379, 'VIDEO_FILE_LIMIT', NULL, 2, 0, 0, 0, 1, '2021-08-16 14:41:49', 0, '2021-08-16 14:41:49', 0),
(380, 'ATTACHMENT_FILE_LIMIT', NULL, 2, 0, 0, 0, 1, '2021-08-16 14:42:46', 0, '2021-08-16 14:42:46', 0),
(381, 'FILES_DUPLICATE', NULL, 2, 0, 0, 0, 1, '2021-08-16 14:43:38', 0, '2021-08-16 14:43:38', 0),
(382, 'ONLY_PDF', NULL, 2, 0, 0, 0, 1, '2021-08-16 14:44:33', 0, '2021-08-16 14:44:33', 0),
(383, 'UPDATE_BUTTON', NULL, 2, 0, 0, 0, 1, '2021-08-16 14:45:50', 0, '2021-08-16 14:45:50', 0),
(384, 'INVALID_RESET_TOKEN', NULL, 2, 0, 0, 0, 1, '2021-08-16 15:45:12', 0, '2021-08-16 15:45:12', 0),
(385, 'INACTIVE', NULL, 2, 0, 0, 0, 1, '2021-08-16 15:47:00', 0, '2021-08-16 15:47:00', 0),
(388, 'EXCEL_FILE_LIMIT', NULL, 2, 0, 0, 0, 1, '2021-08-16 15:49:26', 0, '2021-08-16 15:49:26', 0),
(389, 'UPLOAD_STATUS', NULL, 2, 0, 0, 0, 1, '2021-08-16 15:51:42', 0, '2022-03-07 07:54:53', 0),
(390, 'CLINICIAN', NULL, 2, 0, 0, 0, 1, '2021-08-16 15:51:42', 0, '2021-08-26 21:16:59', 0),
(391, 'SUCCESS_TEXT', NULL, 2, 0, 0, 0, 1, '2021-08-16 15:51:42', 0, '2022-03-07 07:56:01', 0),
(392, 'FAILED_TEXT', NULL, 2, 0, 0, 0, 1, '2021-08-16 15:51:42', 0, '2022-03-07 07:56:42', 0),
(393, 'DOWNLOAD_TEXT', NULL, 2, 0, 0, 0, 1, '2021-08-16 15:51:42', 0, '2022-03-07 07:57:51', 0),
(363, 'IMAGE_FILES_VALIDATION', NULL, 2, 0, 0, 0, 1, '2021-08-12 19:52:24', 0, '2021-08-12 19:52:24', 0),
(399, 'CHANGE_FILE', NULL, 2, 0, 0, 0, 1, '2021-08-16 15:58:32', 0, '2022-03-07 07:50:04', 0),
(406, 'FUTURE_DATE', NULL, 2, 0, 0, 0, 1, '2021-08-16 16:55:42', 0, '2021-08-16 16:55:42', 0),
(407, 'ALREADY_EXISTS', NULL, 2, 0, 0, 0, 1, '2021-08-16 16:55:42', 0, '2021-08-16 16:55:42', 0),
(408, 'RECORD_UPDATED', NULL, 2, 0, 0, 0, 1, '2021-08-16 16:55:42', 0, '2021-08-16 16:55:42', 0),
(409, 'INVALID_ROLE', NULL, 2, 0, 0, 0, 1, '2021-08-16 17:03:36', 0, '2021-08-16 17:03:36', 0),
(410, 'USER_INVITED', NULL, 2, 0, 0, 0, 1, '2021-08-16 17:03:36', 0, '2021-08-16 17:03:36', 0),
(412, 'DELETE_ERROR', NULL, 2, 0, 0, 0, 1, '2021-08-16 17:03:36', 0, '2021-08-16 17:03:36', 0),
(413, 'NO_CONFLICT', NULL, 2, 0, 0, 0, 1, '2021-08-16 17:03:36', 0, '2021-08-16 17:03:36', 0),
(414, 'TOKEN_SUCCESS', NULL, 2, 0, 0, 0, 1, '2021-08-16 17:03:36', 0, '2021-08-16 17:03:36', 0),
(415, 'TOKEN_ERROR', NULL, 2, 0, 0, 0, 1, '2021-08-16 17:03:36', 0, '2021-08-16 17:03:36', 0),
(416, 'TOKEN_VALIDATED', NULL, 2, 0, 0, 0, 1, '2021-08-16 17:03:36', 0, '2021-08-16 17:03:36', 0),
(417, 'NO_ROLES', NULL, 2, 0, 0, 0, 1, '2021-08-16 17:03:36', 0, '2021-08-16 17:03:36', 0),
(418, 'TOKEN_VALIDATE_ERROR', NULL, 2, 0, 0, 0, 1, '2021-08-16 17:03:36', 0, '2021-08-16 17:03:36', 0),
(419, 'INVALID_OPERATION', NULL, 2, 0, 0, 0, 1, '2021-08-16 17:03:36', 0, '2021-08-16 17:03:36', 0),
(420, 'USER_VALIDATED', NULL, 2, 0, 0, 0, 1, '2021-08-16 17:03:36', 0, '2021-08-16 17:03:36', 0),
(421, 'SESSIONS_DEACTIVATED', NULL, 2, 0, 0, 0, 1, '2021-08-16 17:03:36', 0, '2021-08-16 17:03:36', 0),
(422, 'TOKEN_DEACTIVATE_ERROR', NULL, 2, 0, 0, 0, 1, '2021-08-16 17:03:36', 0, '2021-08-16 17:03:36', 0),
(423, 'LOGOUT_ERROR', NULL, 2, 0, 0, 0, 1, '2021-08-16 17:03:36', 0, '2021-08-16 17:03:36', 0),
(427, 'NOT_AUTHORIZED', NULL, 2, 0, 0, 0, 1, '2021-08-16 17:03:36', 0, '2021-08-16 17:03:36', 0),
(428, 'CONFIGURATION_UPDATE', NULL, 2, 0, 0, 0, 1, '2021-08-16 17:15:33', 0, '2021-08-16 17:15:33', 0),
(432, 'ALPHANUMERIC_CHAR', NULL, 2, 0, 0, 0, 1, '2021-08-16 17:32:12', 0, '2021-08-16 17:32:12', 0),
(436, 'ADD_ERROR', NULL, 2, 0, 0, 0, 1, '2021-08-16 17:47:05', 0, '2021-08-16 17:47:05', 0),
(439, 'SELECTION_ERROR', NULL, 2, 0, 0, 0, 1, '2021-08-16 17:48:18', 0, '2021-08-16 17:48:18', 0),
(442, 'DATA_DECRYPT', NULL, 2, 0, 0, 0, 1, '2021-08-16 17:51:18', 0, '2021-08-16 17:51:18', 0),
(443, 'INVALID_REQUEST', NULL, 2, 0, 0, 0, 1, '2021-08-16 17:51:18', 0, '2021-08-16 17:51:18', 0),
(447, 'USER_UPDATED', NULL, 2, 0, 0, 0, 1, '2021-08-16 18:09:20', 0, '2021-08-16 18:09:20', 0),
(448, 'EMAIL_TEMPLATE_UPDATED', NULL, 2, 0, 0, 0, 1, '2021-08-16 18:10:28', 0, '2021-08-16 18:10:28', 0),
(449, 'USER_ACCOUNT_DELETED', NULL, 2, 0, 0, 0, 1, '2021-08-16 18:15:43', 0, '2021-08-16 18:15:43', 0),
(467, 'IMAGE_TYPE_ERROR', NULL, 2, 0, 0, 0, 1, '2021-08-16 18:26:06', 0, '2021-08-16 18:26:06', 0),
(471, 'REQUIRED_FILEDS', NULL, 2, 0, 0, 0, 1, '2021-08-16 18:26:06', 0, '2021-08-16 18:26:06', 0),
(472, 'PROCEED_TO_BASIC_INFO', NULL, 2, 0, 0, 0, 1, '2021-08-16 18:34:05', 0, '2021-08-16 18:34:05', 0),
(473, 'BASIC_INFO', NULL, 2, 0, 0, 0, 1, '2021-08-16 18:26:06', 0, '2021-08-16 18:26:06', 0),
(474, 'ACCOUNT', NULL, 2, 0, 0, 0, 1, '2021-08-16 18:26:06', 0, '2021-08-16 18:26:06', 0),
(475, 'ACTIVATE_ACCOUNT', NULL, 2, 0, 0, 0, 1, '2021-08-16 18:26:06', 0, '2021-08-16 18:26:06', 0),
(476, 'CONTINUE', NULL, 2, 0, 0, 0, 1, '2021-08-16 18:26:06', 0, '2021-08-16 18:26:06', 0),
(477, 'GO_BACK', NULL, 2, 0, 0, 0, 1, '2021-08-16 18:26:06', 0, '2021-08-16 18:26:06', 0),
(478, 'CREATE_ACCOUNT', NULL, 2, 0, 0, 0, 1, '2021-08-16 18:26:06', 0, '2021-08-16 18:26:06', 0),
(479, 'TERMS_OF_USE', NULL, 2, 0, 0, 0, 1, '2021-08-17 14:11:48', 0, '2021-12-30 08:43:24', 0),
(480, 'AND', NULL, 2, 0, 0, 0, 1, '2021-08-17 14:11:48', 0, '2021-12-30 08:07:54', 0),
(481, 'PRIVACY_NOTICE', NULL, 2, 0, 0, 0, 1, '2021-08-17 14:11:48', 0, '2021-12-30 08:40:10', 0),
(495, 'OK', NULL, 2, 0, 0, 0, 1, '2021-08-17 16:31:41', 0, '2021-08-17 16:31:41', 0),
(501, 'SHOW_PER_PAGE', NULL, 2, 0, 0, 0, 1, '2021-08-17 19:02:51', 0, '2021-08-17 19:02:51', 0),
(502, 'SELECT', NULL, 2, 0, 0, 0, 1, '2021-08-17 20:47:59', 0, '2021-08-17 20:47:59', 0),
(507, 'NO_FILE', NULL, 2, 0, 0, 0, 1, '2021-08-20 21:29:02', 0, '2021-08-20 21:29:02', 0),
(515, 'ADD_FILE', NULL, 2, 0, 0, 0, 1, '2021-08-31 14:04:57', 0, '2021-08-31 14:04:57', 0),
(516, 'CHANGE_PASSWORD_BUTTON', NULL, 2, 0, 0, 0, 1, '2021-08-31 14:19:43', 0, '2021-08-31 14:19:43', 0),
(486, 'REVIEW', NULL, 2, 0, 0, 0, 1, '2021-08-17 16:31:41', 0, '2021-08-17 16:31:41', 0),
(526, 'CHANGE', NULL, 2, 0, 0, 0, 1, '2021-09-16 18:50:04', 0, '2021-09-16 18:50:04', 0),
(527, 'ASPECT_RATIO', NULL, 2, 0, 54, 200, 1, '2021-09-16 19:06:37', 0, '2021-11-25 11:22:05', 0),
(533, 'BULK_UPLOAD', NULL, 2, 0, 0, 0, 1, '2021-09-17 19:12:05', 0, '2022-03-07 07:17:36', 0),
(537, 'ACTIVE', NULL, 2, 0, 0, 0, 1, '2021-09-17 19:20:24', 0, '2021-09-17 19:20:24', 0),
(538, 'DEACTIVE', NULL, 2, 0, 0, 0, 1, '2021-09-17 19:20:24', 0, '2021-09-17 19:20:24', 0),
(550, 'LOGOUT_MSG', NULL, 2, 0, 0, 0, 1, '2021-09-20 15:22:23', 0, '2021-09-20 15:22:23', 0),
(551, 'OPT_OUT', NULL, 2, 0, 0, 0, 1, '2021-09-21 12:42:29', 0, '2021-09-21 12:42:29', 0),
(570, 'SEARCH_VALIDATION', NULL, 2, 0, 0, 0, 1, '2021-09-28 15:30:18', 0, '2021-09-28 15:30:18', 0),
(573, 'INVALID_LANGUAGE', NULL, 2, 0, 0, 0, 1, '2021-10-06 18:31:01', 0, '2021-10-06 18:31:01', 0),
(574, 'FILE_MISSING', NULL, 2, 0, 0, 0, 1, '2021-10-06 18:31:01', 0, '2021-10-06 18:31:01', 0),
(576, 'UNIQUE_TITLE', NULL, 2, 0, 0, 0, 1, '2021-10-06 18:31:01', 0, '2021-10-06 18:31:01', 0),
(582, 'INVALID_FILE', NULL, 2, 0, 0, 0, 1, '2021-10-06 18:31:01', 0, '2021-10-06 18:31:01', 0),
(583, 'NO_FILE_UPLOAD', NULL, 2, 0, 0, 0, 1, '2021-10-06 18:31:01', 0, '2021-10-06 18:31:01', 0),
(584, 'FILE_COUNT_MISMATCH', NULL, 2, 0, 0, 0, 1, '2021-10-06 18:31:01', 0, '2021-10-06 18:31:01', 0),
(585, 'FILENAME_MISMATCH', NULL, 2, 0, 0, 0, 1, '2021-10-06 18:41:07', 0, '2021-10-06 18:41:07', 0),
(589, 'SELECT_LANGUAGE', NULL, 2, 0, 0, 0, 1, '2021-10-06 19:10:03', 0, '2021-10-06 19:10:03', 0),
(593, 'OTP_MESSAGE', NULL, 2, 0, 0, 0, 1, '2021-10-18 13:30:03', 0, '2021-10-18 13:30:03', 0),
(595, 'ROWS', NULL, 2, 0, 0, 0, 1, '2021-10-11 19:24:33', 0, '2021-10-11 19:24:33', 0),
(606, 'PROCEED', NULL, 2, 0, 0, 0, 1, '2021-11-23 10:18:05', 0, '2021-11-23 10:18:05', 0),
(625, 'RESOURCE_INFO_VALUE', NULL, 2, 0, 0, 0, 1, '2021-12-13 04:41:26', 0, '2021-12-13 04:41:26', 0),
(661, 'UPLOAD_IMAGE', NULL, 2, 0, 0, 0, 1, '2021-12-17 09:12:52', 0, '2021-12-17 09:12:52', 0),
(684, 'READ_PRIVACY_AND_TERMS_TEXT_LINK', NULL, 2, 0, 0, 0, 1, '2021-12-30 08:46:51', 0, '2021-12-30 08:46:51', 0),
(807, 'ARCHIVE_CONFIRMATION', NULL, 2, 0, 0, 0, 1, '2022-02-15 12:20:50', 0, '2022-02-15 12:20:50', 0),
(808, 'RESTORE_CONFIRMATION', NULL, 2, 0, 0, 0, 1, '2022-02-15 12:20:50', 0, '2022-02-15 12:21:07', 0),
(809, 'ADD_TO_ARCHIVE', NULL, 2, 0, 0, 0, 1, '2022-02-15 12:23:33', 0, '2022-02-15 12:23:33', 0),
(811, 'OPEN', NULL, 2, 0, 0, 0, 1, '2022-02-18 08:23:57', 0, '2022-02-18 08:23:57', 0),
(821, 'RELATED_LINKS', NULL, 2, 0, 0, 0, 1, '2022-02-23 17:30:42', 0, '2022-03-29 13:20:08', 0),
(833, 'CREATED_ON', NULL, 2, 0, 0, 0, 1, '2021-08-03 13:24:01', 0, '2021-08-03 13:24:01', 0),
(793, 'TYPE', NULL, 2, 0, 0, 0, 1, '2022-02-10 09:21:53', 0, '2022-02-10 09:21:53', 0),
(794, 'PAGE', NULL, 2, 0, 0, 0, 1, '2022-02-10 09:21:53', 0, '2022-02-10 09:21:53', 0),
(795, 'OF', NULL, 2, 0, 0, 0, 1, '2022-02-10 09:21:53', 0, '2022-02-10 09:21:53', 0),
(797, 'IMAGE_TYPES', NULL, 2, 0, 0, 0, 1, '2022-02-11 06:16:25', 0, '2022-02-11 06:22:53', 0),
(798, 'VIDEO_TYPES', NULL, 2, 0, 0, 0, 1, '2022-02-11 06:16:49', 0, '2022-02-11 06:23:42', 0),
(799, 'FILE_TYPES', NULL, 2, 0, 0, 0, 1, '2022-02-11 06:17:14', 0, '2022-02-11 06:24:02', 0),
(805, 'UPLOAD_FILES', NULL, 2, 0, 0, 0, 1, '2022-02-14 12:04:17', 0, '2022-02-15 12:10:37', 0),
(777, 'UPLOAD_FILE', NULL, 2, 0, 0, 0, 1, '2022-02-08 06:50:29', 0, '2022-02-14 08:31:37', 0),
(781, 'ADD', NULL, 2, 0, 0, 0, 1, '2022-02-08 07:19:29', 0, '2022-02-09 13:06:50', 0),
(784, 'SIZE', NULL, 2, 0, 0, 0, 1, '2022-02-08 11:13:27', 0, '2022-02-08 11:13:27', 0),
(835, 'CHANGE_ORG_CONFIRMATION', NULL, 2, 0, 0, 0, 1, '2022-03-03 06:03:47', 0, '2022-03-03 06:03:47', 0),
(849, 'SEARCH_BY', NULL, 2, 0, 0, 0, 1, '2022-03-07 11:44:09', 0, '2022-03-07 11:44:09', 0),
(850, 'DOWNLOAD_TEMPLATE', NULL, 2, 0, 0, 0, 1, '2022-03-07 11:53:48', 0, '2022-03-07 11:53:48', 0),
(852, 'SELECT_FILE', NULL, 2, 0, 0, 0, 1, '2022-03-09 05:53:19', 0, '2022-03-09 05:53:19', 0),
(853, 'NOT_ACTIVATED', NULL, 2, 0, 0, 0, 1, '2022-03-09 10:10:46', 0, '2022-03-09 10:10:46', 0),
(887, 'EDIT_USER', NULL, 2, 0, 0, 0, 1, '2022-03-16 12:12:18', 0, '2022-03-16 12:12:18', 0),
(888, 'ACTION', NULL, 2, 0, 0, 0, 1, '2022-03-17 13:03:21', 0, '2022-03-17 13:03:21', 0),


(12, 'HEADER', NULL, 3, 0, 0, 0, 1, '2021-08-03 19:45:45', 0, '2021-08-03 19:45:45', 0),
(13, 'EMAIL_ID', NULL, 3, 1, 1, 100, 1, '2021-08-03 19:45:45', 0, '2021-08-03 19:45:45', 0),
(305, 'PASSWORD_RESEND_SUCCESS', NULL, 3, 0, 0, 0, 1, '2021-08-12 13:33:44', 0, '2021-08-12 13:33:44', 0),
(306, 'RESET_PASSWORD_OTP', NULL, 3, 0, 0, 0, 1, '2021-08-12 13:33:44', 0, '2021-08-12 13:33:44', 0),
(307, 'OTP_SUCCESS', NULL, 3, 0, 0, 0, 1, '2021-08-12 13:33:44', 0, '2021-08-12 13:33:44', 0),



(17, 'HEADER', NULL, 4, 0, 0, 0, 1, '2021-08-03 20:02:39', 0, '2021-08-03 20:02:39', 0),
(18, 'DESCRIPTION', NULL, 4, 0, 0, 0, 1, '2021-08-03 20:02:39', 0, '2021-08-03 20:02:39', 0),
(19, 'EMAIL_ID', NULL, 4, 1, 1, 100, 1, '2021-08-03 20:02:39', 0, '2021-08-03 20:02:39', 0),
(20, 'MESSAGE', NULL, 4, 1, 10, 500, 1, '2021-08-12 15:46:10', 0, '2021-08-12 15:46:10', 0),
(22, 'LOGIN', NULL, 4, 0, 0, 0, 1, '2021-08-03 20:02:39', 0, '2021-08-03 20:02:39', 0),
(23, 'SUCCESS', NULL, 4, 0, 0, 0, 1, '2021-08-03 20:02:39', 0, '2021-08-03 20:02:39', 0),
(327, 'CONTACT_US_NOTE_ONE', NULL, 4, 0, 0, 0, 1, '2021-08-12 15:47:03', 0, '2021-08-17 15:32:38', 0),
(482, 'CONTACT_US_NOTE_TWO', NULL, 4, 0, 0, 0, 1, '2021-08-17 14:16:40', 0, '2021-08-17 14:16:40', 0),


(24, 'HEADER', NULL, 5, 0, 0, 0, 1, '2021-08-04 12:42:45', 0, '2021-08-04 12:42:45', 0),
(25, 'OTP', NULL, 5, 1, 6, 6, 1, '2021-08-04 12:42:45', 0, '2021-08-27 21:30:30', 0),
(26, 'PASSWORD', NULL, 5, 1, 1, 100, 1, '2021-08-04 12:42:45', 0, '2021-08-04 12:42:45', 0),
(27, 'CONFIRM', NULL, 5, 1, 8, 100, 1, '2021-08-04 12:42:45', 0, '2021-08-17 12:44:34', 0),
(28, 'CRITERIA_MIN', NULL, 5, 0, 0, 0, 1, '2021-08-04 12:42:45', 0, '2021-08-04 12:42:45', 0),
(29, 'CRITERIA_CASE', NULL, 5, 0, 0, 0, 1, '2021-08-04 12:42:45', 0, '2021-08-04 12:42:45', 0),
(30, 'CRITERIA_NUM', NULL, 5, 0, 0, 0, 1, '2021-08-04 12:42:45', 0, '2021-08-04 12:42:45', 0),
(31, 'CRITERIA_SPECIAL', NULL, 5, 0, 0, 0, 1, '2021-08-04 12:42:45', 0, '2021-08-04 12:42:45', 0),
(32, 'PASSWORD_NOT_MATCH', NULL, 5, 0, 0, 0, 1, '2021-08-04 13:45:07', 0, '2021-08-26 22:03:03', 0),
(34, 'OTP_CRITERIA', NULL, 5, 0, 0, 0, 1, '2021-08-04 13:45:07', 0, '2021-08-04 13:45:07', 0),
(35, 'DOB', NULL, 5, 0, 0, 0, 1, '2021-08-04 13:50:50', 0, '2021-08-04 13:50:50', 0),
(483, 'REGISTER_NOTE', NULL, 5, 0, 0, 0, 1, '2021-08-17 16:31:41', 0, '2021-08-17 16:31:41', 0),
(484, 'TERMS_ACCEPT', NULL, 5, 0, 0, 0, 1, '2021-08-17 16:31:41', 0, '2021-08-17 16:31:41', 0),
(485, 'TERMS_VALIDATION', NULL, 5, 0, 0, 0, 1, '2021-08-17 16:31:41', 0, '2021-08-17 16:31:41', 0),
(487, 'LICENSE_AGREEMENT', NULL, 5, 0, 0, 0, 1, '2021-08-17 16:31:41', 0, '2021-08-17 16:31:41', 0),
(488, 'APP_DESCRIPTION', NULL, 5, 0, 0, 0, 1, '2021-08-17 16:50:48', 0, '2021-08-17 16:50:48', 0),
(489, 'APP_DESCRIPTION_TWO', NULL, 5, 0, 0, 0, 1, '2021-08-17 16:31:41', 0, '2021-08-17 16:31:41', 0),



(36, 'HEADER', NULL, 6, 0, 0, 0, 1, '2021-08-04 14:03:57', 0, '2021-08-04 14:03:57', 0),
(37, 'DESCRIPTION', NULL, 6, 0, 0, 0, 1, '2021-08-04 14:03:57', 0, '2021-08-04 14:03:57', 0),
(38, 'TITLE', NULL, 6, 0, 2, 50, 1, '2021-08-04 14:03:57', 0, '2021-08-17 14:24:55', 0),
(39, 'FIRSTNAME', NULL, 6, 1, 1, 100, 1, '2021-08-04 14:03:57', 0, '2021-08-17 18:27:44', 0),
(40, 'LASTNAME', NULL, 6, 0, 1, 100, 1, '2021-08-04 14:03:57', 0, '2021-08-17 14:20:27', 0),
(41, 'DOB', NULL, 6, 1, 0, 0, 1, '2021-08-04 14:03:57', 0, '2021-08-04 14:03:57', 0),
(42, 'MOBILE', NULL, 6, 1, 8, 20, 1, '2021-08-04 14:03:57', 0, '2021-08-17 14:16:42', 0),
(43, 'CITY', NULL, 6, 1, 1, 100, 1, '2021-08-04 14:03:57', 0, '2021-08-17 13:51:17', 0),
(44, 'POSTCODE', NULL, 6, 1, 4, 20, 1, '2021-08-04 14:03:57', 0, '2021-08-17 13:37:08', 0),
(45, 'COUNTRY', NULL, 6, 1, 0, 0, 1, '2021-08-04 14:03:57', 0, '2021-08-04 14:03:57', 0),
(46, 'BUTTON', NULL, 6, 0, 0, 0, 1, '2021-08-04 14:03:57', 0, '2021-08-04 14:03:57', 0),
(47, 'DOB_CRITERIA', NULL, 6, 0, 0, 0, 1, '2021-08-04 14:03:57', 0, '2021-08-04 14:03:57', 0),
(209, 'EMAIL', NULL, 6, 0, 0, 0, 1, '2021-08-06 19:53:53', 0, '2022-02-17 09:07:26', 0),
(308, 'NEW_ACCOUNT', NULL, 6, 0, 0, 0, 1, '2021-08-12 13:42:41', 0, '2021-08-12 13:42:41', 0),
(310, 'USER_ID_MESSAGE', NULL, 6, 0, 0, 0, 1, '2021-08-12 13:42:41', 0, '2021-08-12 13:42:41', 0),
(311, 'LOGIN_ROLE', NULL, 6, 0, 0, 0, 1, '2021-08-12 13:42:41', 0, '2021-08-12 13:42:41', 0),
(312, 'EDIT_PROFILE_MESSAGE', NULL, 6, 0, 0, 0, 1, '2021-08-12 13:42:41', 0, '2021-08-12 13:42:41', 0),
(313, 'EDIT_OWN', NULL, 6, 0, 0, 0, 1, '2021-08-12 13:42:41', 0, '2021-08-12 13:42:41', 0),
(314, 'BASIC_INFO_MESSAGE', NULL, 6, 0, 0, 0, 1, '2021-08-12 13:42:41', 0, '2021-08-12 13:42:41', 0),
(315, 'JOB_TITLE_SPECIALITY', NULL, 6, 0, 0, 0, 1, '2021-08-12 13:42:41', 0, '2021-08-12 13:42:41', 0),
(316, 'EDIT_ORGANIZATION', NULL, 6, 0, 0, 0, 1, '2021-08-12 13:42:41', 0, '2021-08-12 13:42:41', 0),
(317, 'SELECT_ORGANIZATION', NULL, 6, 0, 0, 0, 1, '2021-08-12 13:42:41', 0, '2021-08-12 13:42:41', 0),
(318, 'ORGANIZATION_LIST', NULL, 6, 0, 0, 0, 1, '2021-08-12 13:42:41', 0, '2021-08-12 13:42:41', 0),
(319, 'UPDATE PROFILE', NULL, 6, 0, 0, 0, 1, '2021-08-12 14:04:28', 0, '2021-08-12 14:04:28', 0),
(446, 'PROFILE_DETAILS', NULL, 6, 0, 0, 0, 1, '2021-08-16 18:09:20', 0, '2021-08-16 18:09:20', 0),
(683, 'ALLOW_TO_USE', NULL, 6, 0, 0, 0, 1, '2021-12-30 08:11:23', 0, '2021-12-30 08:11:23', 0),
(897, 'PATIENT_CREATED_DESCRIPTION', NULL, 6, 0, 0, 0, 1, '2022-03-29 11:53:59', 0, '2022-03-29 11:58:21', 0),




(55, 'HEADER_TEXT', NULL, 7, 0, 0, 0, 1, '2021-08-04 16:35:17', 0, '2021-12-16 11:31:10', 0),
(332, 'PASSWORD_RESET_SUCCESS', NULL, 7, 0, 0, 0, 1, '2021-08-12 16:14:49', 0, '2021-08-12 16:14:49', 0),




(105, 'MANAGE_SUPERADMIN', NULL, 10, 0, 0, 0, 1, '2021-08-04 19:49:30', 0, '2021-08-04 19:49:30', 0),
(106, 'MANAGE_ADMIN', NULL, 10, 0, 0, 0, 1, '2021-08-04 19:49:30', 0, '2021-08-04 19:49:30', 0),
(107, 'ADD_SUPERADMIN', NULL, 10, 0, 0, 0, 1, '2021-08-04 19:49:30', 0, '2021-08-04 19:49:30', 0),
(108, 'ADD_DESCRIPTION', NULL, 10, 0, 0, 0, 1, '2021-08-04 19:49:30', 0, '2021-08-04 19:49:30', 0),
(109, 'EMAIL_ID', NULL, 10, 1, 1, 100, 1, '2021-08-04 19:49:30', 0, '2021-08-17 13:05:39', 0),
(110, 'SEND_INVITATION', NULL, 10, 0, 0, 0, 1, '2021-08-04 19:49:30', 0, '2021-08-04 19:49:30', 0),
(112, 'SUCCESS', NULL, 10, 0, 0, 0, 1, '2021-08-04 19:49:30', 0, '2021-08-04 19:49:30', 0),
(115, 'EDIT_DESCRIPTION', NULL, 10, 0, 0, 0, 1, '2021-08-04 19:49:30', 0, '2021-08-04 19:49:30', 0),
(116, 'UPDATE_PROFILE', NULL, 10, 0, 0, 0, 1, '2021-08-04 19:49:30', 0, '2021-08-04 19:49:30', 0),
(117, 'ADD_ADMIN', NULL, 10, 0, 0, 0, 1, '2021-08-04 19:49:30', 0, '2021-08-04 19:49:30', 0),
(118, 'ORGANIZATIONS', NULL, 10, 0, 0, 0, 1, '2021-08-04 19:49:30', 0, '2021-08-04 19:49:30', 0),
(120, 'INFO_DESCRIPTION', NULL, 10, 0, 0, 0, 1, '2021-08-04 20:10:45', 0, '2021-08-04 20:10:45', 0),
(210, 'MANAGE_CLINICIAN', NULL, 10, 0, 0, 0, 1, '2021-08-06 20:15:08', 0, '2021-08-06 20:15:08', 0),
(211, 'MANAGE_PATIENT', NULL, 10, 0, 0, 0, 1, '2021-08-06 20:15:08', 0, '2021-08-06 20:15:08', 0),
(350, 'SUCCESS_RESENT', NULL, 10, 0, 0, 0, 1, '2021-08-12 19:21:28', 0, '2021-08-12 19:21:28', 0),
(397, 'ADD_CLINICIAN', NULL, 10, 0, 0, 0, 1, '2021-08-16 15:58:06', 0, '2021-08-16 15:58:06', 0),
(398, 'ADD_PATIENT', NULL, 10, 0, 0, 0, 1, '2021-08-16 15:58:06', 0, '2021-08-16 15:58:06', 0),
(430, 'USER_DEACTIVATED', NULL, 10, 0, 0, 0, 1, '2021-08-16 17:26:41', 0, '2021-08-16 17:26:41', 0),
(431, 'USER_ORGANIZATION_MAPPING', NULL, 10, 0, 0, 0, 1, '2021-08-16 17:30:42', 0, '2021-08-16 17:30:42', 0),
(806, 'ORGANIZATION_S', NULL, 10, 0, 0, 0, 1, '2022-02-15 10:36:46', 0, '2022-02-15 10:49:02', 0),
(893, 'USER_CREATED', NULL, 10, 0, 0, 0, 1, '2022-03-29 07:50:55', 0, '2022-03-29 07:50:55', 0),
(894, 'USER_INVITED_STATUS', NULL, 10, 0, 0, 0, 1, '2022-03-29 07:51:38', 0, '2022-03-29 11:48:23', 0),
(895, 'USER_REGISTERED', NULL, 10, 0, 0, 0, 1, '2022-03-29 07:52:06', 0, '2022-03-29 07:52:06', 0),
(896, 'STATUS', NULL, 10, 0, 0, 0, 1, '2022-03-29 11:02:24', 0, '2022-03-29 11:02:24', 0),


(114, 'ManageProfile', NULL, 16, 0, 0, 0, 1, '2021-08-12 14:22:29', 0, '2022-03-11 07:53:49', 0),
(194, 'Dashboard', NULL, 16, 0, 0, 0, 1, '2021-08-05 18:00:15', 0, '2022-03-11 09:28:47', 0),
(195, 'ManageOrganisations', NULL, 16, 0, 0, 0, 1, '2021-08-05 18:00:15', 0, '2022-03-11 07:56:01', 0),
(196, 'ManageUsers', NULL, 16, 0, 0, 0, 1, '2021-08-05 18:00:15', 0, '2022-03-11 07:54:56', 0),
(197, 'ManageCategories', NULL, 16, 0, 0, 0, 1, '2021-08-05 18:00:15', 0, '2022-03-11 09:52:08', 0),
(198, 'UserCategories', NULL, 16, 0, 0, 0, 1, '2021-08-05 18:00:15', 0, '2022-03-11 09:53:46', 0),
(199, 'MediaCategories', NULL, 16, 0, 0, 0, 1, '2021-08-05 18:00:15', 0, '2022-03-11 09:54:10', 0),
(200, 'UPLOAD_MEDIA', NULL, 16, 0, 0, 0, 1, '2021-08-05 18:00:15', 0, '2021-08-05 18:00:15', 0),
(201, 'Contents', NULL, 16, 0, 0, 0, 1, '2021-08-05 18:00:15', 0, '2022-03-11 09:56:15', 0),
(202, 'Archive', NULL, 16, 0, 0, 0, 1, '2021-08-05 18:00:15', 0, '2022-03-11 09:56:26', 0),
(203, 'ArchiveUsers', NULL, 16, 0, 0, 0, 1, '2021-08-05 18:00:15', 0, '2022-03-11 09:56:52', 0),
(204, 'ArchiveOrganisations', NULL, 16, 0, 0, 0, 1, '2021-08-05 18:00:15', 0, '2022-03-11 09:57:25', 0),
(205, 'ArchiveUserCategories', NULL, 16, 0, 0, 0, 1, '2021-08-05 18:00:15', 0, '2022-03-11 09:57:52', 0),
(206, 'ArchiveMediaCategories', NULL, 16, 0, 0, 0, 1, '2021-08-05 18:00:15', 0, '2022-03-11 09:58:09', 0),
(225, 'EmailMessage', NULL, 16, 0, 0, 500, 1, '2021-08-12 14:24:25', 0, '2022-03-11 09:44:34', 0),
(267, 'DeleteAccount', NULL, 16, 0, 0, 0, 1, '2021-08-12 14:15:23', 0, '2022-03-11 09:47:18', 0),
(323, 'Support', NULL, 16, 0, 0, 0, 1, '2021-08-12 14:24:25', 0, '2022-03-11 08:33:18', 0),
(324, 'AdminConfiguration', NULL, 16, 0, 0, 0, 1, '2021-08-12 14:24:25', 0, '2022-03-11 09:40:44', 0),
(524, 'Languages', NULL, 16, 0, 0, 0, 1, '2021-09-15 12:33:43', 0, '2022-03-11 09:54:45', 0),
(525, 'LanguageResources', NULL, 16, 0, 0, 0, 1, '2021-09-15 12:33:43', 0, '2022-03-11 09:55:54', 0),
(599, 'SwitchOrganization', NULL, 16, 0, 0, 0, 1, '2021-10-11 19:24:33', 0, '2022-03-11 09:48:32', 0),
(619, 'WebsiteMenus', NULL, 16, 0, 0, 0, 1, '2021-12-10 08:50:57', 0, '2022-03-11 09:42:32', 0),
(523, 'ManageResources', NULL, 16, 0, 0, 0, 1, '2021-09-15 12:33:43', 0, '2022-03-11 09:54:22', 0),
(857, 'ChangePassword', NULL, 16, 0, 0, 0, 1, '2021-08-03 13:24:01', 0, '2021-08-03 13:24:01', 0),
(858, 'SuperAdminManageProfile', NULL, 16, 0, 0, 0, 1, '2021-08-03 13:24:01', 0, '2021-08-03 13:24:01', 0),
(859, 'AdminManageProfile', NULL, 16, 0, 0, 0, 1, '2021-08-03 13:24:01', 0, '2021-08-03 13:24:01', 0),
(860, 'ClinicianManageProfile', NULL, 16, 0, 0, 0, 1, '2021-08-03 13:24:01', 0, '2021-08-03 13:24:01', 0),
(861, 'PatientManageProfile', NULL, 16, 0, 0, 0, 1, '2021-08-03 13:24:01', 0, '2021-08-03 13:24:01', 0),
(863, 'CreateArticles', NULL, 16, 0, 0, 0, 1, '2021-08-03 13:24:01', 0, '2021-08-03 13:24:01', 0),
(864, 'ClinicianDeleteAccount', NULL, 16, 0, 0, 0, 1, '2021-08-03 13:24:01', 0, '2021-08-03 13:24:01', 0),
(865, 'SuperAdminDashboard', NULL, 16, 0, 0, 0, 1, '2021-08-03 13:24:01', 0, '2021-08-03 13:24:01', 0),
(866, 'SuperAdminOrganisations', NULL, 16, 0, 0, 0, 1, '2021-08-03 13:24:01', 0, '2021-08-03 13:24:01', 0),
(867, 'SuperAdminManageUsers', NULL, 16, 0, 0, 0, 1, '2021-08-03 13:24:01', 0, '2021-08-03 13:24:01', 0),
(868, 'SuperAdminArchiveUsers', NULL, 16, 0, 0, 0, 1, '2021-08-03 13:24:01', 0, '2021-08-03 13:24:01', 0),
(869, 'CreateProfile', NULL, 16, 0, 0, 0, 1, '2021-08-03 13:24:01', 0, '2021-08-03 13:24:01', 0),
(870, 'UploadMedia', NULL, 16, 0, 0, 0, 1, '2021-08-03 13:24:01', 0, '2021-08-03 13:24:01', 0),
(871, 'ResetPassowrd', NULL, 16, 0, 0, 0, 1, '2021-08-03 13:24:01', 0, '2021-08-03 13:24:01', 0),
(872, 'ActivateUser', NULL, 16, 0, 0, 0, 1, '2021-08-03 13:24:01', 0, '2021-08-03 13:24:01', 0),
(873, 'SSO', NULL, 16, 0, 0, 0, 1, '2021-08-03 13:24:01', 0, '2021-08-03 13:24:01', 0),
(874, 'SSOLogout', NULL, 16, 0, 0, 0, 1, '2021-08-03 13:24:01', 0, '2021-08-03 13:24:01', 0),
(875, 'Blogs', NULL, 16, 0, 0, 0, 1, '2021-08-03 13:24:01', 0, '2021-08-03 13:24:01', 0),
(876, 'BlogDetails', NULL, 16, 0, 0, 0, 1, '2021-08-03 13:24:01', 0, '2021-08-03 13:24:01', 0),
(877, 'PatientDeleteAccount', NULL, 16, 0, 0, 0, 1, '2021-08-03 13:24:01', 0, '2021-08-03 13:24:01', 0),
(878, 'AdminDashboard', NULL, 16, 0, 0, 0, 1, '2021-08-03 13:24:01', 0, '2021-08-03 13:24:01', 0),
(879, 'ClinicianDashboard', NULL, 16, 0, 0, 0, 1, '2021-08-03 13:24:01', 0, '2021-08-03 13:24:01', 0),
(880, 'PatientDashboard', NULL, 16, 0, 0, 0, 1, '2021-08-03 13:24:01', 0, '2021-08-03 13:24:01', 0),
(881, 'AdminOrganisation', NULL, 16, 0, 0, 0, 1, '2021-08-03 13:24:01', 0, '2021-08-03 13:24:01', 0),
(882, 'AdminManageUsers', NULL, 16, 0, 0, 0, 1, '2021-08-03 13:24:01', 0, '2021-08-03 13:24:01', 0),
(883, 'AdminArchiveUsers', NULL, 16, 0, 0, 0, 1, '2021-08-03 13:24:01', 0, '2021-08-03 13:24:01', 0),
(884, 'ArchiveContents', NULL, 16, 0, 0, 0, 1, '2021-08-03 13:24:01', 0, '2021-08-03 13:24:01', 0),


(531, 'IS_DEFAULT', NULL, 22, 0, 0, 0, 1, '2021-09-17 19:07:55', 0, '2021-09-17 19:07:55', 0),
(532, 'LANGUAGE_STATUS', NULL, 22, 0, 0, 0, 1, '2021-09-17 19:07:55', 0, '2021-09-17 19:07:55', 0),
(534, 'EXPORT_DATA', NULL, 22, 0, 0, 0, 1, '2021-09-17 19:12:05', 0, '2021-09-19 15:32:06', 0),
(535, 'GROUP', NULL, 22, 0, 0, 0, 1, '2021-09-17 19:12:05', 0, '2021-09-19 15:32:06', 0),
(536, 'RESOURCE_KEY', NULL, 22, 0, 0, 0, 1, '2021-09-17 19:12:05', 0, '2021-09-19 15:32:06', 0),
(539, 'STATUS_ACTIVATE', NULL, 22, 0, 0, 0, 1, '2021-09-17 20:19:04', 0, '2021-09-17 21:14:19', 0),
(540, 'BULK_UPLOAD_RESOURCE', NULL, 22, 0, 0, 0, 1, '2021-09-17 20:19:40', 0, '2021-09-19 15:32:06', 0),
(541, 'RESOURCE_TEMPLATE', NULL, 22, 0, 0, 0, 1, '2021-09-17 20:19:40', 0, '2021-09-19 15:32:06', 0),
(542, 'STATUS_DEACTIVATE', NULL, 22, 0, 0, 0, 1, '2021-09-17 20:20:04', 0, '2021-09-17 21:14:19', 0),
(543, 'CONFIRM_QUESTION', NULL, 22, 0, 0, 0, 1, '2021-09-17 20:25:52', 0, '2021-09-17 20:25:52', 0),
(544, 'RESOURCES_VALIDATION', NULL, 22, 0, 0, 0, 1, '2021-09-17 20:52:49', 0, '2021-09-19 15:32:06', 0),
(545, 'LANGUAGE', NULL, 22, 0, 0, 0, 1, '2021-09-19 15:30:26', 0, '2021-09-19 15:30:26', 0),
(546, 'RESOURCE', NULL, 22, 0, 0, 0, 1, '2021-09-19 15:45:54', 0, '2021-09-19 15:45:54', 0),
(547, 'RESOURCE_VALUE', NULL, 22, 0, 0, 0, 1, '2021-09-19 15:51:41', 0, '2021-09-19 15:51:41', 0),
(548, 'RESOURCE_PLACEHOLDER', NULL, 22, 0, 0, 0, 1, '2021-09-19 15:52:46', 0, '2021-09-19 15:52:46', 0),
(549, 'LAST_RECORD_VALIDATION', NULL, 22, 0, 0, 0, 1, '2021-09-20 13:30:48', 0, '2021-09-20 13:30:48', 0),
(569, 'EXPORT_FORMAT', NULL, 22, 0, 0, 0, 1, '2021-09-24 12:34:53', 0, '2021-09-24 12:34:53', 0),
(834, 'RESOURCES', NULL, 22, 0, 0, 0, 1, '2022-03-02 12:42:45', 0, '2022-03-02 12:42:45', 0),
(851, 'RESOURCE_UPLOAD_STATUS', NULL, 22, 0, 0, 0, 1, '2022-03-07 12:14:53', 0, '2022-03-07 12:14:53', 0),
(892, 'LANGUAGE_SAVED', NULL, 22, 0, 0, 0, 1, '2022-03-25 11:51:14', 0, '2022-03-25 11:51:14', 0),
(898, 'EXCEL_FILE_MISSING', NULL, 22, 0, 0, 0, 1, '2022-03-29 13:28:24', 0, '2022-03-29 13:28:24', 0);


(609, 'HEADER', NULL, 23, 0, 0, 0, 1, '2021-12-10 08:05:40', 0, '2021-12-10 08:05:40', 0),
(610, 'FOOTER', NULL, 23, 0, 0, 0, 1, '2021-12-10 08:05:40', 0, '2021-12-10 08:05:40', 0),
(611, 'SLIDER', NULL, 23, 0, 0, 0, 1, '2021-12-10 08:05:40', 0, '2021-12-10 08:05:40', 0),


(693, '8M9H7L', NULL, 24, 0, 0, 0, 1, '2022-01-03 08:09:27', 6, '2022-01-03 08:09:27', 6),
(694, 'MLHHHR', NULL, 24, 0, 0, 0, 1, '2022-01-03 08:13:34', 6, '2022-01-03 08:13:34', 6),
(695, '8226629393', NULL, 24, 0, 0, 0, 1, '2022-01-03 10:05:24', 14, '2022-01-03 10:05:24', 14),
(697, '6723376975', NULL, 24, 0, 0, 0, 1, '2022-01-03 12:09:30', 14, '2022-01-03 12:09:30', 14),


(613, 'HOME', NULL, 25, 0, 0, 0, 1, '2021-12-10 08:15:23', 0, '2021-12-14 12:51:30', 0),
(614, 'PARTNER_WITH_US', NULL, 25, 0, 0, 0, 1, '2021-12-10 08:15:23', 0, '2021-12-10 08:15:23', 0),
(631, 'SIMPLIFYING_COMMUNICATION', NULL, 25, 0, 0, 0, 1, '2021-12-13 13:31:13', 0, '2021-12-13 13:31:13', 0),
(641, 'WORKING_WITH_US', NULL, 25, 0, 0, 0, 1, '2021-12-14 12:42:59', 0, '2021-12-14 12:51:36', 0),
(644, 'PRODUCTS_HEADER', NULL, 25, 0, 0, 0, 1, '2021-12-14 13:07:08', 0, '2021-12-14 13:07:08', 0),


(620, 'MENU_TYPE', NULL, 26, 1, 0, 0, 1, '2021-12-10 09:26:01', 0, '2021-12-10 09:30:08', 0),
(621, 'SEQUENCE_NO', NULL, 26, 1, 0, 0, 1, '2021-12-10 09:26:01', 0, '2021-12-10 09:30:04', 0),
(622, 'MENU_ADDED', NULL, 26, 0, 0, 0, 1, '2021-12-10 09:55:03', 0, '2021-12-10 09:55:03', 0),
(623, 'MENU_UPDATED', NULL, 26, 0, 0, 0, 1, '2021-12-10 09:55:03', 0, '2021-12-10 09:55:03', 0),
(624, 'FOOTER_HEADER', NULL, 26, 1, 0, 0, 1, '2021-12-10 10:47:47', 0, '2021-12-10 10:58:06', 0),
(632, 'RESOURCE_KEY_DUPLICATE', NULL, 26, 0, 0, 0, 1, '2021-12-14 08:19:50', 0, '2021-12-14 09:17:09', 0),
(645, 'CONTENT', NULL, 26, 0, 0, 0, 1, '2021-08-03 13:24:01', 0, '2021-08-03 13:24:01', 0),
(646, 'HEADING', NULL, 26, 0, 0, 0, 1, '2021-08-03 13:24:01', 0, '2021-08-03 13:24:01', 0),
(647, 'SUBHEADING', NULL, 26, 0, 0, 0, 1, '2021-08-03 13:24:01', 0, '2021-08-03 13:24:01', 0),
(648, 'SEQUENCE_NO_HELP_TEXT', NULL, 26, 0, 0, 0, 1, '2021-12-16 07:11:15', 0, '2021-12-16 07:11:15', 0),
(685, 'STATIC_PAGES', NULL, 26, 0, 0, 0, 1, '2021-12-31 10:49:08', 0, '2021-12-31 10:49:08', 0),
(686, 'MENU', NULL, 26, 0, 0, 0, 1, '2021-12-31 11:02:47', 0, '2021-12-31 11:02:47', 0),
(687, 'PARENT_MENU', NULL, 26, 0, 0, 0, 1, '2021-12-31 11:10:48', 0, '2021-12-31 11:10:48', 0),
(689, 'ADD_NEW_MENU', NULL, 26, 0, 0, 0, 1, '2021-12-31 11:36:42', 0, '2021-12-31 11:36:42', 0),
(690, 'ADD_NEW_PAGE', NULL, 26, 0, 0, 0, 1, '2021-12-31 11:36:42', 0, '2021-12-31 11:36:42', 0),

(836, 'BIN', 'Text', 30, 1, 5, 20, 1, '2021-08-03 13:24:01', 0, '2022-03-08 08:16:11', 0),
(837, 'RECORD_TYPE', 'Text', 30, 1, 4, 30, 1, '2021-08-03 13:24:01', 0, '2022-03-08 08:15:53', 0),
(838, 'SUB_TYPE', 'Text', 30, 1, 3, 25, 1, '2021-08-03 13:24:01', 0, '2022-03-08 08:15:21', 0),
(839, 'EXPIRY', NULL, 30, 0, 0, 0, 1, '2021-08-03 13:24:01', 0, '2022-03-03 13:28:22', 0),
(840, 'COUNTRY', NULL, 30, 0, 0, 0, 1, '2021-08-03 13:24:01', 0, '2022-03-03 13:28:19', 0),
(841, 'STATE', NULL, 30, 0, 0, 0, 1, '2021-08-03 13:24:01', 0, '2022-03-03 13:28:15', 0),
(842, 'CITY', NULL, 30, 0, 0, 0, 1, '2021-08-03 13:24:01', 0, '2022-03-03 13:28:10', 0),
(843, 'ZIP', NULL, 30, 0, 0, 0, 1, '2021-08-03 13:24:01', 0, '2022-03-03 13:28:06', 0),
(845, 'RECORDS', NULL, 30, 0, 0, 0, 1, '2022-03-04 05:52:35', 0, '2022-03-04 05:52:35', 0),
(846, 'RECORD', NULL, 30, 0, 0, 0, 1, '2022-03-07 06:50:13', 0, '2022-03-07 06:50:13', 0),
(847, 'BULK_UPLOAD_RECORDS', NULL, 30, 0, 0, 0, 1, '2022-03-07 07:47:42', 0, '2022-03-07 07:47:42', 0),
(848, 'RECORDS_UPLOAD_STATUS', NULL, 30, 0, 0, 0, 1, '2022-03-07 08:00:31', 0, '2022-03-07 08:00:31', 0),


(10, '5001', NULL, 31, 0, 0, 0, 1, '2021-08-03 13:44:11', 0, '2022-03-22 08:11:39', 0),
(16, '2021', NULL, 31, 0, 0, 0, 1, '2021-08-03 19:45:45', 0, '2022-03-21 12:05:48', 0),
(111, '5004', NULL, 31, 0, 0, 0, 1, '2021-08-16 16:56:31', 0, '2022-03-21 07:20:05', 0),
(223, 'ALREADY_UNLOCKED', NULL, 31, 0, 0, 0, 1, '2021-08-11 13:36:28', 0, '2022-03-24 05:30:41', 0),
(296, '5014', NULL, 31, 0, 0, 0, 1, '2021-08-12 12:18:05', 0, '2022-03-21 09:30:49', 0),
(300, '5003', NULL, 31, 0, 0, 0, 1, '2021-08-12 12:18:05', 0, '2022-03-21 07:18:59', 0),
(301, '5006', NULL, 31, 0, 0, 0, 1, '2021-08-12 12:18:05', 0, '2022-03-21 07:54:18', 0),
(302, '5002', NULL, 31, 0, 0, 0, 1, '2021-08-12 12:18:05', 0, '2022-03-21 07:17:12', 0),
(328, '5000', NULL, 31, 0, 0, 0, 1, '2021-08-12 16:14:49', 0, '2022-03-21 07:15:29', 0),
(330, '5018', NULL, 31, 0, 0, 0, 1, '2021-08-12 16:14:49', 0, '2022-03-21 11:42:03', 0),
(331, '5019', NULL, 31, 0, 0, 0, 1, '2021-08-12 16:14:49', 0, '2022-03-21 11:43:27', 0),
(340, '401', NULL, 31, 0, 0, 0, 1, '2021-08-12 18:54:08', 0, '2022-03-21 07:17:52', 0),
(361, '5024', NULL, 31, 0, 0, 0, 1, '2021-08-12 19:52:24', 0, '2022-03-21 12:17:22', 0),
(362, '5007', NULL, 31, 0, 0, 0, 1, '2021-08-12 19:52:24', 0, '2022-03-21 08:08:46', 0),
(369, '5009', NULL, 31, 0, 0, 0, 1, '2021-08-12 19:52:24', 0, '2022-03-21 08:17:32', 0),
(372, '5020', NULL, 31, 0, 0, 0, 1, '2021-08-12 19:52:24', 0, '2022-03-21 11:57:17', 0),
(405, '5005', NULL, 31, 0, 0, 0, 1, '2021-08-16 16:55:42', 0, '2022-03-21 07:21:12', 0),
(411, '5008', NULL, 31, 0, 0, 0, 1, '2021-08-16 17:03:36', 0, '2022-03-21 08:12:39', 0),
(424, '5025', NULL, 31, 0, 0, 0, 1, '2021-08-16 17:03:36', 0, '2022-03-24 05:30:57', 0),
(426, '5017', NULL, 31, 0, 0, 0, 1, '2021-08-16 17:03:36', 0, '2022-03-21 11:38:56', 0),
(437, '5012', NULL, 31, 0, 0, 0, 1, '2021-08-16 17:42:05', 0, '2022-03-21 09:03:22', 0),
(438, '5011', NULL, 31, 0, 0, 0, 1, '2021-08-16 17:43:55', 0, '2022-03-21 08:59:33', 0),
(451, '5023', NULL, 31, 0, 0, 0, 1, '2021-08-16 18:16:45', 0, '2022-03-21 12:08:33', 0),
(558, '5022', NULL, 31, 0, 0, 0, 1, '2021-09-21 16:55:40', 0, '2022-03-30 08:05:37', 0),
(571, '5015', NULL, 31, 0, 0, 0, 1, '2021-10-06 18:14:55', 0, '2022-03-21 09:45:23', 0),
(572, '5016', NULL, 31, 0, 0, 0, 1, '2021-10-06 18:31:01', 0, '2022-03-21 09:57:26', 0),
(605, '5013', NULL, 31, 0, 0, 0, 1, '2021-10-18 20:05:07', 0, '2022-03-21 09:28:49', 0),
(889, '5010', NULL, 31, 0, 0, 0, 1, '2022-03-21 08:55:12', 0, '2022-03-21 08:55:12', 0),
