-- user_roles
INSERT INTO `roles` (`role_id`, `role_name`, `is_active`, `created_at`, `updated_at`)
VALUES
	(1,'SuperAdmin',1,'2021-07-07 06:24:51','2021-07-07 06:24:51'),
	(2,'Seller',1,'2021-07-07 06:24:51','2021-07-07 06:24:51'),
	(3,'Buyer',1,'2021-07-07 06:24:51','2021-07-07 06:24:51'),
	(4,'Anonymous',1,'2021-07-07 06:24:51','2021-07-07 06:24:51');

-- features
INSERT INTO `features` 
(`feature_id`, `route_name`, `component`, `location`, `sequence_no`, `parent_id`, `icon`, `feature_group`, `is_active`, `created_at`, `created_by_id`, `updated_at`, `updated_by_id`) VALUES
(1, NULL, NULL, 'HeaderMenu', 1, NULL, 'setting.png', NULL, 1, '2022-03-11 08:43:56', 0, '2022-03-11 08:43:56', 0),
(2, '/change-password', 'ChangePassword', 'HeaderMenu', 1, 1, NULL, NULL, 1, '2022-03-04 12:44:12', 0, '2022-03-04 12:44:12', 0),
(3, '/manage-profile', 'ManageProfile', 'HeaderMenu', 2, 1, NULL, NULL, 1, '2021-07-07 06:24:51', 0, '2021-07-07 06:24:51', 0),
(4, '/support', 'Support', 'HeaderMenu', 3, 1, NULL, NULL, 1, '2021-07-07 06:24:51', 0, '2021-07-07 06:24:51', 0),
(5, '/configuration', 'AdminConfiguration', 'HeaderMenu', 4, 1, NULL, NULL, 1, '2021-07-07 06:24:51', 0, '2021-07-07 06:24:51', 0),
(6, '/website-menu', 'WebsiteMenus', 'HeaderMenu', 5, 1, NULL, NULL, 1, '0000-00-00 00:00:00', 0, NULL, 0),
(7, '/create-article', 'CreateArticles', 'HeaderMenu', 6, 1, NULL, NULL, 1, '2021-12-31 10:07:25', 0, '2021-12-31 10:07:25', 0),
(8, '/change-email', 'EmailMessage', 'HeaderMenu', 7, 1, NULL, NULL, 1, '2022-03-04 13:49:06', 0, '2022-03-04 13:49:06', 0),
(9, '/ssolink', 'SSOLink', 'HeaderMenu', 8, 1, NULL, NULL, 1, '2022-03-04 14:06:42', 0, '2022-03-04 14:06:42', 0),
(10, '/delete-account', 'DeleteAccount', 'HeaderMenu', 9, 1, NULL, NULL, 1, '2021-07-07 06:24:51', 0, '2021-07-07 06:24:51', 0),
(11, '/organisations', 'SwitchOrganization', 'HeaderMenu', 10, 1, NULL, NULL, 1, '2021-07-07 06:24:51', 0, '2021-07-07 06:24:51', 0),
(12, '/dashboard', 'Dashboard', 'LeftMenu', 1, NULL, 'Home-Inverted.png', NULL, 1, '2021-07-07 06:24:51', 0, '2021-07-07 06:24:51', 0),
(13, '/manage-organisations', 'ManageOrganisations', 'LeftMenu', 2, NULL, 'Organisation-Inverted.png', NULL, 1, '2021-07-07 06:24:51', 0, '2021-07-07 06:24:51', 0),
(14, '/manage-users', 'ManageUsers', 'LeftMenu', 3, NULL, 'Users-Inverted.png', NULL, 1, '2021-07-07 06:24:51', 0, '2021-07-07 06:24:51', 0),
(15, '/send-content', 'SendContent', 'LeftMenu', 4, NULL, 'Sendcontent-Inverted.png', NULL, 1, '2021-07-07 06:24:51', 0, NULL, 0),
(16, NULL, 'ManageCategories', 'LeftMenu', 5, NULL, 'Category-Inverted.png', NULL, 1, '2022-03-11 08:43:56', 0, '2022-03-11 08:43:56', 0),
(17, '/user-category', 'UserCategories', 'LeftMenu', 1, 16, 'User-Inverted.png', NULL, 1, '2021-07-07 06:24:51', 0, '2021-07-07 06:24:51', 0),
(18, '/media-category', 'MediaCategories', 'LeftMenu', 2, 16, 'Mediacategory-Inverted.png', NULL, 1, '2021-07-07 06:24:51', 0, '2021-07-07 06:24:51', 0),
(19, NULL, 'ManageResources', 'LeftMenu', 6, NULL, 'Filter-Inverted.png', NULL, 1, '2022-03-11 08:43:56', 0, '2022-03-11 08:43:56', 0),
(20, '/languages', 'Languages', 'LeftMenu', 1, 19, 'Language-Inverted.png', NULL, 1, '2021-07-07 06:24:51', 0, NULL, 0),
(21, '/language-resources', 'LanguageResources', 'LeftMenu', 2, 19, 'Resources-Inverted.png', NULL, 1, '2021-09-03 12:18:34', 0, NULL, 0),
(22, '/contents', 'Contents', 'LeftMenu', 7, NULL, 'Manage-media-Inverted.png', NULL, 1, '2021-07-07 06:24:51', 0, '2021-07-07 06:24:51', 0),
(23, NULL, 'Archive', 'LeftMenu', 8, NULL, 'Archive-Inverted.png', NULL, 1, '2022-03-11 08:43:56', 0, '2022-03-11 08:43:56', 0),
(24, '/archive-users', 'ArchiveUsers', 'LeftMenu', 1, 23, 'Users-Inverted.png', NULL, 1, '2021-07-07 06:24:51', 0, '2021-07-07 06:24:51', 0),
(25, '/archive-organisations', 'ArchiveOrganisations', 'LeftMenu', 2, 23, 'Organisation-Inverted.png', NULL, 1, '2021-07-07 06:24:51', 0, '2021-07-07 06:24:51', 0),
(26, '/user-category', 'ArchiveUserCategories', 'LeftMenu', 3, 23, 'User-Inverted.png', NULL, 1, '2021-07-07 06:24:51', 0, '2021-07-07 06:24:51', 0),
(27, '/media-category', 'ArchiveMediaCategories', 'LeftMenu', 4, 23, 'Mediacategory-Inverted.png', NULL, 1, '2021-07-07 06:24:51', 0, '2021-07-07 06:24:51', 0),
(28, '/archive-contents', 'ArchiveContents', 'LeftMenu', 5, 23, 'Manage-media-Inverted.png', NULL, 1, '2021-07-07 06:24:51', 0, '2021-07-07 06:24:51', 0),
(29, '/create-profile', 'CreateProfile', NULL, NULL, NULL, NULL, NULL, 1, '2021-07-07 06:24:51', 0, '2021-07-07 06:24:51', 0),
(30, '/upload-media', 'UploadMedia', NULL, NULL, NULL, NULL, NULL, 1, '2021-07-07 06:24:51', 0, '2021-07-07 06:24:51', 0),
(31, '/reset-password', 'ResetPassowrd', NULL, NULL, NULL, NULL, NULL, 1, '2021-07-07 06:24:51', 0, '2021-07-07 06:24:51', 0),
(32, '/activate-user/:token', 'ActivateUser', NULL, NULL, NULL, NULL, NULL, 1, '2021-07-07 06:24:51', 0, '2021-07-07 06:24:51', 0),
(33, '/sso', 'SSO', NULL, NULL, NULL, NULL, NULL, 1, '2021-07-07 06:24:51', 0, '2021-07-07 06:24:51', 0),
(34, '/sso-logout', 'SSOLogout', NULL, NULL, NULL, NULL, NULL, 1, '2021-07-07 06:24:51', 0, '2021-07-07 06:24:51', 0),
(35, '/blogs', 'Blogs', NULL, NULL, NULL, NULL, NULL, 1, '2021-07-07 06:24:51', 0, '2021-07-07 06:24:51', 0),
(36, '/blog-details', 'BlogDetails', NULL, NULL, NULL, NULL, NULL, 1, '2021-07-07 06:24:51', 0, '2021-07-07 06:24:51', 0);

-- role_features
INSERT INTO `role_features` (`role_id`, `feature_id`, `is_active`, `created_at`, `created_by_id`, `updated_at`, `updated_by_id`) VALUES
(1, 1, 1, '2021-07-07 06:24:51', 0, '2021-07-07 06:24:51', 0),
(2, 1, 1, '2021-07-07 06:24:51', 0, '2021-07-07 06:24:51', 0),
(3, 1, 1, '2021-07-07 06:24:51', 0, '2021-07-07 06:24:51', 0),
(4, 1, 1, '2021-07-07 06:24:51', 0, '2021-07-07 06:24:51', 0),
(1, 2, 1, '2021-07-07 06:24:51', 0, '2021-07-07 06:24:51', 0),
(2, 2, 1, '2021-07-07 06:24:51', 0, '2021-07-07 06:24:51', 0),
(3, 2, 1, '2021-07-07 06:24:51', 0, '2021-07-07 06:24:51', 0),
(4, 2, 1, '2021-07-07 06:24:51', 0, '2021-07-07 06:24:51', 0),
(1, 3, 1, '2021-07-07 06:24:51', 0, '2021-07-07 06:24:51', 0),
(2, 3, 1, '2021-07-07 06:24:51', 0, '2021-07-07 06:24:51', 0),
(3, 3, 1, '2021-07-07 06:24:51', 0, '2021-07-07 06:24:51', 0),
(4, 3, 1, '2021-07-07 06:24:51', 0, '2021-07-07 06:24:51', 0),
(1, 4, 1, '2021-07-07 06:24:51', 0, '2021-07-07 06:24:51', 0),
(2, 4, 1, '2021-07-07 06:24:51', 0, '2021-07-07 06:24:51', 0),
(3, 4, 1, '2021-07-07 06:24:51', 0, '2021-07-07 06:24:51', 0),
(4, 4, 1, '2021-07-07 06:24:51', 0, '2021-07-07 06:24:51', 0),
(1, 5, 1, '2021-07-07 06:24:51', 0, '2021-07-07 06:24:51', 0),
(1, 6, 1, '2021-07-07 06:24:51', 0, '2021-07-07 06:24:51', 0),
(1, 7, 1, '2021-07-07 06:24:51', 0, '2021-07-07 06:24:51', 0),
(3, 8, 1, '2021-07-07 06:24:51', 0, '2021-07-07 06:24:51', 0),
(3, 9, 1, '2021-07-07 06:24:51', 0, '2021-07-07 06:24:51', 0),
(3, 10, 1, '2021-07-07 06:24:51', 0, '2021-07-07 06:24:51', 0),
(4, 10, 1, '2021-07-07 06:24:51', 0, '2021-07-07 06:24:51', 0),
(3, 11, 1, '2021-07-07 06:24:51', 0, '2021-07-07 06:24:51', 0),
(1, 12, 1, '2021-07-07 06:24:51', 0, '2021-07-07 06:24:51', 0),
(2, 12, 1, '2021-07-07 06:24:51', 0, '2021-07-07 06:24:51', 0),
(3, 12, 1, '2021-07-07 06:24:51', 0, '2021-07-07 06:24:51', 0),
(4, 12, 1, '2021-07-07 06:24:51', 0, '2021-07-07 06:24:51', 0),
(1, 13, 1, '2021-07-07 06:24:51', 0, '2021-07-07 06:24:51', 0),
(2, 13, 1, '2021-07-07 06:24:51', 0, '2021-07-07 06:24:51', 0),
(1, 14, 1, '2021-07-07 06:24:51', 0, '2021-07-07 06:24:51', 0),
(2, 14, 1, '2021-07-07 06:24:51', 0, '2021-07-07 06:24:51', 0),
(2, 15, 1, '2021-07-07 06:24:51', 0, '2021-07-07 06:24:51', 0),
(1, 16, 1, '2021-07-07 06:24:51', 0, '2021-07-07 06:24:51', 0),
(1, 17, 1, '2021-07-07 06:24:51', 0, '2021-07-07 06:24:51', 0),
(1, 18, 1, '2021-07-07 06:24:51', 0, '2021-07-07 06:24:51', 0),
(1, 19, 1, '2021-07-07 06:24:51', 0, '2021-07-07 06:24:51', 0),
(1, 20, 1, '2021-07-07 06:24:51', 0, '2021-07-07 06:24:51', 0),
(1, 21, 1, '2021-07-07 06:24:51', 0, '2021-07-07 06:24:51', 0),
(1, 22, 1, '2021-07-07 06:24:51', 0, '2021-07-07 06:24:51', 0),
(1, 23, 1, '2021-07-07 06:24:51', 0, '2021-07-07 06:24:51', 0),
(2, 23, 1, '2021-07-07 06:24:51', 0, '2021-07-07 06:24:51', 0),
(1, 24, 1, '2021-07-07 06:24:51', 0, '2021-07-07 06:24:51', 0),
(2, 24, 1, '2021-07-07 06:24:51', 0, '2021-07-07 06:24:51', 0),
(1, 25, 1, '2021-07-07 06:24:51', 0, '2021-07-07 06:24:51', 0),
(1, 26, 1, '2021-07-07 06:24:51', 0, '2021-07-07 06:24:51', 0),
(1, 27, 1, '2021-07-07 06:24:51', 0, '2021-07-07 06:24:51', 0),
(1, 28, 1, '2021-07-07 06:24:51', 0, '2021-07-07 06:24:51', 0),
(1, 29, 1, '2021-07-07 06:24:51', 0, '2021-07-07 06:24:51', 0),
(2, 29, 1, '2021-07-07 06:24:51', 0, '2021-07-07 06:24:51', 0),
(3, 29, 1, '2021-07-07 06:24:51', 0, '2021-07-07 06:24:51', 0),
(4, 29, 1, '2021-07-07 06:24:51', 0, '2021-07-07 06:24:51', 0),
(1, 30, 1, '2021-07-07 06:24:51', 0, '2021-07-07 06:24:51', 0);
